cdr1.alpha	cdr2.alpha	cdr2.5.alpha	cdr3.alpha	cdr1.beta	cdr2.beta	cdr2.5.beta	cdr3.beta	v.alpha	v.beta	epitope.seq	species	RGGASQYRPSQ_AB_nbrdist5	RGGASQYRPSQ_AB_wtd_nbrdist5	RGGASQYRPSQ_AB_nbrdist10	RGGASQYRPSQ_AB_wtd_nbrdist10	RGGASQYRPSQ_AB_nbrdist25	RGGASQYRPSQ_AB_wtd_nbrdist25
EDST......FD	AISLV...SN	FNKRE.	CAATGSFNKLTF	NNH.......NN	SYG....AGS	P.SQEN	CASGGQGRAEQFF	TRAV14D-2*01	TRBV13-2*01	GNSHRGAIEWEGIESG	MusMusculus	215.046	215.046	215.046	215.046	215.046	215.046
EDST......FN	SIRSV...SD	FNKRE.	CAARYQGGRALIF	NSQ......YPW	LRS....PGD	V.TDTE	CTCSAAPDWGASAETLYF	TRAV14-1*01	TRBV1*01	KVITFIDL	MusMusculus	284.988	284.988	284.988	284.988	284.988	284.988
ENSA......FD	SILSV...SD	FNKRE.	CAASANSGTYQRF	NNH.......NN	SYG....AGS	P.SQEN	CASGDAGGGYEQYF	TRAV14-3*01	TRBV13-2*01	SRGGASQYRPSQ	MusMusculus	187.904	187.904	187.904	187.904	187.904	187.904
SASG......YP	RASRD...KE	YNKEA.	CALSENYGNEKITF	NNH.......NN	SYG....AGS	P.SQEN	CASGDASGAETLYF	TRAV6D-7*01	TRBV13-2*01	RGGASQYRPSQ	MusMusculus	25.054	25.054	25.054	25.054	25.054	25.054
SASG......YP	RASRD...KE	YNKEA.	CALSENYGNEKITF	NNH.......NN	SYG....AGS	P.SQEN	CASGDASGGNTLYF	TRAV6D-7*01	TRBV13-2*01	RGGASQYRPSQ	MusMusculus	25.054	25.054	25.054	25.054	25.054	25.054
STTM.......K	YLAQ.....G	FNSKE.	CAAEDGGSGNKLIF	NNH.......DY	SYV....ADS	P.SQEN	CASSWDRAGNTLYF	TRAV4-2*01	TRBV13-3*01	GAMKRHGLDNYRGYSLG	MusMusculus	225.485	225.485	225.485	225.485	225.485	225.485
ATISG.....NE	HGLQ.....Q	IASDR.	CILSGGSNYKLTF	MSH.......ET	SYD....VDS	K.KREH	CASSFGREQYF	TRAV21/DV12*01	TRBV29*01	SSLENFRAYV	MusMusculus	280.813	280.813	280.813	280.813	280.813	280.813
TTTT.......R	YLAS.....G	FDSKE.	CAAEPSSGQKLVF	KGH.......PV	FQN....QEV	P.SNSP	CASSLNNANSDYTF	TRAV4D-4*01	TRBV26*01	ADLIAYLKQATKG	MusMusculus	307.955	307.955	307.955	307.955	307.955	307.955
STTG......YP	QVTTA...NN	YDKGT.	CAANSGTYQRF	NNH.......NN	SYG....AGS	P.SQEN	CASGDFWGDTLYF	TRAV6-3*01	TRBV13-2*01	WIYVYRPMGCGGS	MusMusculus	185.817	185.817	185.817	185.817	185.817	185.817
TTTT.......R	YLAS.....G	FDSKE.	CAALRATGGNNKLTF	KGH.......PV	FQN....QEV	P.SNSP	CASSLNWSQDTQYF	TRAV4D-4*01	TRBV26*01	PADPLAFFSSAIKGGGGSLV	MusMusculus	292.296	292.296	292.296	292.296	292.296	292.296
