cdr1.alpha	cdr2.alpha	cdr2.5.alpha	cdr3.alpha	cdr1.beta	cdr2.beta	cdr2.5.beta	cdr3.beta	v.alpha	v.beta	epitope.seq	species	RGGASQYRPSQ_A_nbrdist5	RGGASQYRPSQ_A_wtd_nbrdist5	RGGASQYRPSQ_A_nbrdist10	RGGASQYRPSQ_A_wtd_nbrdist10	RGGASQYRPSQ_A_nbrdist25	RGGASQYRPSQ_A_wtd_nbrdist25
EDST......FD	AISLV...SN	FNKRE.	CAATGSFNKLTF	NNH.......NN	SYG....AGS	P.SQEN	CASGGQGRAEQFF	TRAV14D-2*01	TRBV13-2*01	GNSHRGAIEWEGIESG	MusMusculus	131.533	131.533	131.533	131.533	131.533	131.533
EDST......FN	SIRSV...SD	FNKRE.	CAARYQGGRALIF	NSQ......YPW	LRS....PGD	V.TDTE	CTCSAAPDWGASAETLYF	TRAV14-1*01	TRBV1*01	KVITFIDL	MusMusculus	144.060	144.060	144.060	144.060	144.060	144.060
ENSA......FD	SILSV...SD	FNKRE.	CAASANSGTYQRF	NNH.......NN	SYG....AGS	P.SQEN	CASGDAGGGYEQYF	TRAV14-3*01	TRBV13-2*01	SRGGASQYRPSQ	MusMusculus	137.797	137.797	137.797	137.797	137.797	137.797
SASG......YP	RASRD...KE	YNKEA.	CALSENYGNEKITF	NNH.......NN	SYG....AGS	P.SQEN	CASGDASGAETLYF	TRAV6D-7*01	TRBV13-2*01	RGGASQYRPSQ	MusMusculus	0.000	0.000	0.000	0.000	0.000	0.000
SASG......YP	RASRD...KE	YNKEA.	CALSENYGNEKITF	NNH.......NN	SYG....AGS	P.SQEN	CASGDASGGNTLYF	TRAV6D-7*01	TRBV13-2*01	RGGASQYRPSQ	MusMusculus	0.000	0.000	0.000	0.000	0.000	0.000
STTM.......K	YLAQ.....G	FNSKE.	CAAEDGGSGNKLIF	NNH.......DY	SYV....ADS	P.SQEN	CASSWDRAGNTLYF	TRAV4-2*01	TRBV13-3*01	GAMKRHGLDNYRGYSLG	MusMusculus	147.192	147.192	147.192	147.192	147.192	147.192
ATISG.....NE	HGLQ.....Q	IASDR.	CILSGGSNYKLTF	MSH.......ET	SYD....VDS	K.KREH	CASSFGREQYF	TRAV21/DV12*01	TRBV29*01	SSLENFRAYV	MusMusculus	137.797	137.797	137.797	137.797	137.797	137.797
TTTT.......R	YLAS.....G	FDSKE.	CAAEPSSGQKLVF	KGH.......PV	FQN....QEV	P.SNSP	CASSLNNANSDYTF	TRAV4D-4*01	TRBV26*01	ADLIAYLKQATKG	MusMusculus	147.192	147.192	147.192	147.192	147.192	147.192
STTG......YP	QVTTA...NN	YDKGT.	CAANSGTYQRF	NNH.......NN	SYG....AGS	P.SQEN	CASGDFWGDTLYF	TRAV6-3*01	TRBV13-2*01	WIYVYRPMGCGGS	MusMusculus	143.016	143.016	143.016	143.016	143.016	143.016
TTTT.......R	YLAS.....G	FDSKE.	CAALRATGGNNKLTF	KGH.......PV	FQN....QEV	P.SNSP	CASSLNWSQDTQYF	TRAV4D-4*01	TRBV26*01	PADPLAFFSSAIKGGGGSLV	MusMusculus	144.060	144.060	144.060	144.060	144.060	144.060
